日期,开盘,最高,最低,收盘,成交量
2016/05/02,80.02,81.3,80.02,80.97,7862575
2016/05/03,80.8,81.7,80.69,81.1,7617484
2016/05/04,80.87,81.77,80.87,81.6,7365495
2016/05/05,81.6,82.09,80.92,81.3,6399874
2016/05/06,81.42,82.25,81.17,82.13,6297747
2016/05/09,82.21,82.73,81.97,82.12,6718615
2016/05/10,82.15,82.68,82.12,82.48,6223170
2016/05/11,82.5,82.89,82.13,82.15,5974299
2016/05/12,82.48,82.74,82.11,82.41,4925007
2016/05/13,82.42,82.42,81,81.23,6578134
2016/05/16,81.01,81.89,80.75,81.63,6497236
2016/05/17,81.64,82.06,80.33,80.62,10188233
2016/05/18,80.59,80.77,79.41,79.85,8344069
2016/05/19,79.64,80.22,79.45,80.19,6242472
2016/05/20,80.44,80.5,79.79,80.02,6526805
2016/05/23,80.05,80.33,79.85,80.2,5620561
2016/05/24,80.3,81.38,80.3,80.97,6292952
2016/05/25,81.08,81.78,81.01,81.48,6050617
2016/05/26,81.48,81.6,81.09,81.22,4622328
2016/05/27,81.27,81.66,81.16,81.43,4322195
2016/05/31,81.58,81.82,80.74,81.04,6705032
2016/06/01,80.95,81.8,80.86,81.79,6183908
2016/06/02,81.53,81.95,81.33,81.95,5185852
2016/06/03,81.93,82.49,81.78,82.47,6306519
2016/06/06,82.4,82.83,82.23,82.77,5292348
2016/06/07,82.76,82.89,82.25,82.32,6327475
2016/06/08,82.37,82.75,82.02,82.65,4712567
2016/06/09,82.58,83.26,82.43,83.17,6144895
2016/06/10,82.77,83.34,82.61,83.2,6840768
2016/06/13,82.96,83.4,82.53,82.57,6167444
2016/06/14,82.55,83.37,82.27,83.35,6868619
2016/06/15,83.4,83.5,82.82,82.95,7081953
2016/06/16,82.67,83.61,82.66,83.41,6630088
2016/06/17,83.31,83.44,82.35,83.13,11741742
2016/06/20,83.52,83.7,83.03,83.04,6164326
2016/06/21,83.09,83.78,83.09,83.41,6594737
2016/06/22,83.5,83.76,83.29,83.57,4940053
2016/06/23,83.81,84.21,83.57,84.21,7360818
2016/06/24,82.61,83.82,81.99,82.26,12400528
2016/06/27,81.83,81.89,81,81.23,9619036
2016/06/28,81.44,82.49,80.95,82.46,9257100
2016/06/29,82.96,83.91,82.91,83.91,7927096
2016/06/30,83.91,84.8,83.82,84.67,10969276
2016/07/01,84.52,84.99,84.51,84.78,9530706
2016/07/05,84.48,85.95,84.45,85.44,11395221
2016/07/06,85.37,85.5,84.74,85.03,8356546
2016/07/07,85.23,85.24,84.53,84.83,7905843
2016/07/08,84.98,85.9,84.77,85.77,6827349
2016/07/11,85.61,85.95,84.91,85.75,6156824
2016/07/12,85.49,85.94,85.19,85.75,6649827
2016/07/13,85.81,86.15,85.41,85.89,7571473
2016/07/14,86.44,86.89,85.85,85.87,11342573
2016/07/15,86.25,86.48,85.79,86.01,8491347
2016/07/18,86.02,86.05,85.7,85.93,4781778
2016/07/19,85.67,86.18,85.56,86.17,6078231
2016/07/20,85.38,85.73,85.13,85.32,6289008
2016/07/21,85.02,85.37,84.88,85.26,5471194
2016/07/22,85.5,85.98,85.45,85.72,6165618
2016/07/25,85.53,85.8,85.15,85.8,5604714
2016/07/26,85.68,86.08,85.17,85.27,5377632
2016/07/27,85.24,85.3,84.32,84.46,7744552
2016/07/28,84.42,84.98,84.4,84.81,5911575
2016/07/29,84.89,85.79,84.8,85.59,7520867
2016/08/01,85.44,86.58,85.42,86.41,10419968
2016/08/02,87.02,87.15,86.24,86.76,13083211
2016/08/03,86.51,86.72,85.46,85.97,8192099
2016/08/04,86.12,86.53,85.8,86.05,5564060
2016/08/05,86.08,86.44,85.53,85.78,6729690
2016/08/08,85.61,85.9,85.13,85.76,5388177
2016/08/09,85.86,86.34,85.68,85.99,4158784
2016/08/10,86.26,86.82,86,86.31,5981436
2016/08/11,86.7,87,86.4,86.73,7387106
2016/08/12,86.92,87.45,86.78,87.04,8063375
2016/08/15,87.52,87.57,86.99,87.02,6871164
2016/08/16,86.98,87.4,86.47,86.58,8071056
2016/08/17,86.45,87.11,85.97,86.96,6762059
2016/08/18,86.94,87.46,86.94,87.44,7082804
2016/08/19,87.2,87.41,87.05,87.31,6199917
2016/08/22,87.14,87.21,86.58,86.85,5921119
2016/08/23,87.13,87.5,87.04,87.4,5420109
2016/08/24,87.32,87.45,86.56,87.31,5713285
2016/08/25,87.3,87.94,87.04,87.9,10594773
2016/08/26,87.87,88.5,87.17,87.58,16408187
2016/08/29,87.39,88.4,87.32,88.3,8934447
2016/08/30,87.72,88.3,87.46,87.54,11618492
2016/08/31,87.75,87.85,87.03,87.31,11407806
2016/09/01,87.36,88.31,86.98,88.31,29793244
2016/09/02,88.48,88.87,88.04,88.2,17467358
2016/09/06,88.25,88.64,87.88,88.64,14472067
2016/09/07,88.31,88.41,87.71,87.95,17556418
2016/09/08,87.95,88.18,87.63,87.78,23465368
2016/09/09,87.1,87.17,86.24,86.24,21953688
2016/09/12,86.04,88.38,85.96,88.25,16105710
2016/09/13,87.55,87.91,87.01,87.05,19682126
2016/09/14,87.12,87.6,86.87,87.01,25397922
2016/09/15,86.75,88.27,86.75,88.06,13891454
2016/09/16,87.62,88.11,87.3,88.05,23518264
2016/09/19,87.92,88.95,87.25,88.37,19173560
2016/09/20,88.5,88.95,88.18,88.58,33986484
2016/09/21,88.54,88.79,86.44,87.8,55409812
2016/09/22,87.77,89.3,87.77,88.99,52692368
2016/09/23,88.63,88.94,87.49,87.76,48281376
2016/09/26,87.42,88.43,86.61,87.85,60276364
2016/09/27,88.06,88.81,87.66,88.36,65147992
2016/09/28,88.98,89.72,88.47,89.45,89800768
2016/09/29,89.16,89.27,87.54,88.23,74580288
2016/09/30,88.3,90.22,88.29,89.75,123721560
2016/10/03,89.35,89.45,88.41,88.66,26789542
2016/10/04,88.29,88.68,87.95,88.35,23311380
2016/10/05,88.48,89,88.2,88.85,64575056
2016/10/06,88.83,89.73,88.47,89.22,60962728
2016/10/07,89.01,90.05,88.3,90,20435918
2016/10/10,90.19,90.33,88.78,89.06,15488244
2016/10/11,88.83,89.12,88.2,88.54,11723000
2016/10/12,88.74,89.01,88.33,88.56,17093448
2016/10/13,88.05,88.56,87.6,88.24,11158075
2016/10/14,88.5,88.95,88.22,88.43,7368968
2016/10/17,88.43,88.65,87.7,87.83,7605826
2016/10/18,88.2,88.27,87.43,87.45,10748540
2016/10/19,86.65,86.81,85.44,85.54,12788655
2016/10/20,85.38,85.52,84.78,84.93,10172284
2016/10/21,84.41,84.86,84.24,84.33,13679797
2016/10/24,84.39,84.7,84.06,84.1,10570778
2016/10/25,87.49,88.08,86.97,86.97,20753220
2016/10/26,86.91,87.74,86.78,87.4,8458275
2016/10/27,87.51,87.6,86.45,86.58,6598279
2016/10/28,86.87,87.23,86.45,86.84,7020989
2016/10/31,87.01,87.47,86.69,86.8,8207137
2016/11/01,86.58,86.99,86.48,86.85,8564399
2016/11/02,86.77,87.41,86.56,86.74,7769128
2016/11/03,86.8,86.98,86.47,86.6,6895956
2016/11/04,86.69,86.73,85.06,85.08,9368752
2016/11/07,86.02,86.56,85.6,86.56,8862386
2016/11/08,86.77,87.69,86.59,87.41,7671337
2016/11/09,85.26,86.54,84.31,85.93,11972512
2016/11/10,85.51,85.7,82.18,82.95,22078710
2016/11/11,82.67,84.05,82.65,83.58,8905628
2016/11/14,83.56,83.78,82.76,83,12857432
2016/11/15,84.58,84.58,82.88,83.62,9460274
2016/11/16,83.98,84.2,83.17,83.19,8542904
2016/11/17,83.27,83.5,82.93,83.06,9083724
2016/11/18,82.92,83.1,81.99,82,14563925
2016/11/21,82.1,82.75,81.71,82.64,11481661
2016/11/22,83.01,83.18,82.66,82.76,7421886
2016/11/23,82.59,82.93,82.52,82.68,10763830
2016/11/25,82.99,83.46,82.95,83.46,3883098
2016/11/28,83.13,83.36,82.75,83.06,6969298
2016/11/29,83.42,83.48,82.69,82.89,6183113
2016/11/30,82.52,82.83,82.26,82.46,12115374
2016/12/01,82.21,82.32,81.18,81.86,12503090
2016/12/02,82.35,82.68,82.07,82.4,9079412
2016/12/05,82.56,83.08,82.48,82.99,8597543
2016/12/06,83.24,83.25,82.61,82.91,7318693
2016/12/07,82.74,84.28,82.71,84.18,8560265
2016/12/08,83.79,84.18,83.5,83.5,7507268
2016/12/09,83.52,84.4,83.47,84.37,7994768
2016/12/12,84.21,85.18,84.21,85.13,7474974
2016/12/13,84.67,85.36,84.53,85.18,11599124
2016/12/14,85.29,85.74,84.17,84.37,12275782
2016/12/15,84.15,84.8,83.61,84.68,8750668
2016/12/16,84.9,85.12,84.15,84.68,20686320
2016/12/19,84.75,84.98,84.32,84.71,6424790
2016/12/20,84.57,84.71,84.19,84.57,7479261
2016/12/21,84.19,84.73,84.12,84.28,6090354
2016/12/22,84,84.61,83.87,84.47,7864777
2016/12/23,84.68,85.18,84.55,84.96,5283719
2016/12/27,84.9,84.94,84.42,84.6,3777513
2016/12/28,84.4,84.63,83.95,84.07,4298656
2016/12/29,84.24,84.49,84.1,84.35,3718298
2016/12/30,84.17,84.45,83.92,84.08,6209846
2017/01/03,83.89,84.38,83.51,84.2,617876
2017/01/04,84.45,84.6,84.24,84.5,8086187
2017/01/05,84.41,85.43,84.38,85.06,6848400
2017/01/06,84.94,85.25,84.62,85.03,4792556
2017/01/09,84.06,84.66,83.75,84.4,10988051
2017/01/10,84.34,84.43,83.24,83.49,10906084
2017/01/11,83.39,83.75,83.28,83.75,9324686
2017/01/12,83.71,83.88,83.37,83.84,6539265
2017/01/13,83.85,84.02,83.44,84.01,6758792
2017/01/17,83.9,85.58,83.88,85.21,13143943
2017/01/18,84.8,85.3,84.59,84.93,10521181
2017/01/19,84.63,85,84.28,84.7,14073183
2017/01/20,86.89,87.98,86.42,87.45,22926200
2017/01/23,87.09,87.35,86.85,86.96,9392457
2017/01/24,87.22,87.95,87.22,87.86,8704058
2017/01/25,87.84,87.9,87.06,87.16,8081949
2017/01/26,87.12,87.23,86.59,86.6,6540385
2017/01/27,86.45,86.85,86.02,86.72,9324287
2017/01/30,86.78,86.86,86.5,86.75,7349936
2017/01/31,86.63,87.66,86.53,87.6,9707265
2017/02/01,87.03,87.59,86.75,87.33,8291514
2017/02/02,87.61,88.35,87.25,87.76,8996873
2017/02/03,88.12,88.17,87.39,87.41,7160248
2017/02/06,87.5,87.79,87.13,87.4,7474975
2017/02/07,87.64,88.28,87.48,88.01,6646055
2017/02/08,88.07,88.34,87.81,88.33,6815668
2017/02/09,88.25,88.78,88.03,88.67,9913930
2017/02/10,88.56,88.73,87.97,87.97,11057552
2017/02/13,88.04,88.36,87.64,88.31,6894186
2017/02/14,88,88.22,87.23,87.86,20086374
2017/02/15,89.81,91.15,89.81,91.12,25842248
2017/02/16,90.92,91.12,90.54,90.79,12408473
2017/02/17,90.61,91.36,90.45,91.09,12088308
2017/02/21,90.58,91.8,90.58,91.67,9018703
2017/02/22,91.45,91.8,91.25,91.44,6749886
2017/02/23,91.61,91.8,90.91,91.13,7611613
2017/02/24,90.97,91.34,90.67,91.05,6639943
2017/02/27,90.53,90.91,90.06,90.89,11840268
2017/02/28,90.9,91.79,90.65,91.07,10535469
2017/03/01,91.05,91.89,90.71,91.66,8787804
2017/03/02,91.4,91.59,90.88,90.91,7029921
2017/03/03,90.8,90.82,89.89,90.5,8337638
2017/03/06,89.89,90.51,89.59,90.37,6491064
2017/03/07,90.14,90.49,90.06,90.29,5362951
2017/03/08,90.02,90.35,89.76,90.14,5511879
2017/03/09,90.14,90.49,90.1,90.34,5587379
2017/03/10,90.8,91.16,90.65,91.07,6794349
2017/03/13,91.06,91.49,90.85,91.31,7090858
2017/03/14,91.26,91.59,90.82,91,6685938
2017/03/15,91,91.78,90.73,91.4,7855256
2017/03/16,91.44,91.72,91.1,91.44,6600312
2017/03/17,91.45,92,90.92,91,37004960
2017/03/23,90.91,91.46,90.6,90.77,6824203
2017/03/24,90.77,90.92,90.21,90.57,9251949
2017/03/27,90.45,90.72,90.18,90.49,10071996
2017/03/28,90.17,91.06,90.13,90.76,11855757
2017/03/29,90.56,90.87,90.39,90.6,4252782
2017/03/30,90.5,90.57,90.1,90.2,3691926
2017/03/31,90.03,90.34,89.84,89.85,6942356
2017/04/03,89.86,90.06,89.45,89.68,6967439
2017/04/04,89.75,89.96,89.42,89.91,5680497
2017/04/05,90,90.5,89.76,89.97,6311912
2017/04/06,89.77,89.81,89.31,89.4,7231496
2017/04/07,89.46,89.61,89.18,89.23,4739040
2017/04/10,89.13,89.68,88.75,89.49,5949800
2017/04/11,89.66,89.82,89.29,89.8,5184691
2017/04/12,89.7,90.42,89.56,90.31,6286282
2017/04/13,90.05,90.54,89.79,90.03,5036793
2017/04/17,90.23,90.59,90.13,90.39,6931628
2017/04/18,90.4,91.13,90.34,90.8,7087674
2017/04/19,90.18,90.41,89.5,89.59,392461
2017/04/24,89.12,89.66,89.01,89.55,8274542
2017/04/25,89.58,90.25,89.47,90,9031818
2017/04/26,89.85,90,87.61,87.74,11943803
2017/04/27,87.58,88.24,87.23,87.69,8517304
2017/04/28,87.52,87.59,87.15,87.33,8291326
2017/05/01,87.38,87.6,87.08,87.09,4546310
2017/05/02,87.29,87.29,86.02,86.22,12833215
2017/05/03,86.3,86.63,85.9,86.43,6120941
2017/05/04,86.85,87.24,86.3,86.45,5986188
2017/05/05,86.54,86.61,86.13,86.5,4505611
2017/05/08,86.33,86.62,86.24,86.55,4634461
2017/05/09,86.8,86.82,86.22,86.4,9577603
2017/05/10,86.48,86.79,86.39,86.49,6178548
2017/05/11,86.61,86.63,85.88,86.17,6064723
2017/05/12,86.24,86.32,85.92,86.19,5891460
2017/05/15,86.65,86.71,86.25,86.33,5787642
2017/05/16,86.88,87,86.19,86.24,6554419
2017/05/17,86.22,86.63,85.93,86.26,7805679
2017/05/18,86.18,86.22,85.52,85.87,6979760
2017/05/19,86,86.38,85.67,86.24,7320725
2017/05/22,86.25,86.4,86.03,86.21,4254965
2017/05/23,86.28,86.54,85.98,86.08,4394125
2017/05/24,86.45,86.65,86.21,86.5,4898401
2017/05/25,86.58,86.98,86.55,86.86,4364021
2017/05/26,86.93,87.38,86.82,87.25,4336621
2017/05/30,87.25,87.61,87.1,87.4,4594393
2017/05/31,87.67,88.35,87.45,88.09,10144177
2017/06/01,88.02,88.14,87.37,88.13,6247769
2017/06/02,88.4,88.68,88.01,88.59,6132829
2017/06/05,88.3,88.76,88,88.74,4115288
2017/06/06,88.76,88.97,88.45,88.8,6503039
2017/06/07,88.68,88.89,88.4,88.77,4777670
2017/06/08,88.58,88.8,87.36,87.85,7711962
2017/06/09,87.85,88.21,87.55,88.16,9696915
2017/06/12,88.28,88.66,88.09,88.24,7863634
2017/06/13,88.36,88.4,87.77,88.06,6414393
2017/06/14,88.49,88.75,88.06,88.44,6183825
2017/06/15,88.23,89.62,88.23,89.38,7047171
2017/06/16,89.72,89.77,88.81,89.66,13848638
2017/06/19,89.6,89.86,89.2,89.86,5245449
2017/06/20,89.77,90.21,89.61,89.63,5674212
2017/06/21,89.62,89.95,89.29,89.4,4164338
2017/06/22,89.27,89.41,88.9,89.03,4536714
2017/06/23,89.03,89.8,88.9,89.42,8782097
2017/06/26,89.63,89.68,89.27,89.36,4367470
2017/06/27,89.18,89.3,88.61,88.61,5180366
2017/06/28,89.08,89.21,88.26,88.37,4874780
2017/06/29,88.02,88.22,86.93,86.99,8123216
2017/06/30,87.05,87.47,87,87.15,6070254
2017/07/03,87.4,88,87.18,87.74,3607447
2017/07/05,87.86,88,87.49,87.67,4974191
2017/07/06,87.65,87.95,87.36,87.37,6038651
2017/07/07,87.69,87.82,87.28,87.65,5142197
2017/07/10,87.63,87.86,86.9,87.11,305017
2017/07/11,87.3,87.43,86.32,86.75,325589
2017/07/12,87.2,87.45,86.83,86.96,293376
2017/07/13,86.74,87.05,86.51,86.73,325547
2017/07/14,86.99,87.28,86.73,87.1,330416
2017/07/17,87.21,87.9,86.75,87.56,337074
2017/07/18,87.57,88.76,87.46,88.64,534329
2017/07/19,87.9,88.4,87.6,88.32,482981
2017/07/20,88.41,89.31,88.32,88.62,407508
2017/07/21,88.2,88.68,87.85,88.58,323281
2017/07/24,88.5,88.5,87.99,88.22,293399
2017/07/25,88.55,89.2,88.55,89.16,531467
2017/07/26,89.02,89.42,88.87,89.24,435273
2017/07/27,90.55,91.16,89.06,90.66,656605
2017/07/28,90.6,90.99,89.96,90.2,486032
2017/07/31,90.21,91.07,90.21,90.83,494212
2017/08/01,91.03,91.72,90.73,91.1,451278
2017/08/02,90.97,91.28,90.54,91.03,542910
2017/08/03,90.98,91.74,90.83,90.89,308456
2017/08/04,90.69,91.09,90.53,90.68,325700
2017/08/07,90.6,91.56,90.53,91.43,291024
2017/08/08,91.29,91.94,91.27,91.56,311011
2017/08/09,91.56,91.93,91.56,91.86,393859
2017/08/10,91.9,92,91.7,91.76,393790
2017/08/11,91.89,92.06,91.3,91.34,515653
2017/08/14,91.54,91.94,91.26,91.62,245017
2017/08/15,91.93,92.36,91.89,92.23,268401
2017/08/16,92.26,92.95,92.19,92.48,354994
2017/08/17,92.25,92.67,92.07,92.07,384226
2017/08/18,92.02,92.77,91.87,92.47,405773
2017/08/21,92.36,92.96,92.36,92.87,252588
2017/08/22,92.94,92.95,92.59,92.8,227805
2017/08/24,92.44,92.57,92.04,92.27,5173694
2017/08/25,92.65,92.86,92.41,92.51,4931717
2017/08/28,92.52,92.71,91.98,92.47,5386318
2017/08/29,92.48,92.69,92.24,92.32,3674588
2017/08/30,92.08,92.08,91.66,91.87,4709595
2017/08/31,91.89,92.39,91.84,92.27,5864440
2017/09/01,92.42,92.66,92.26,92.53,4960633
2017/09/05,92.18,92.74,92.04,92.72,6532090
2017/09/06,92.79,92.91,92.36,92.72,6658954
2017/09/07,92.74,93.36,92.33,92.97,7733915
2017/09/08,92.76,93.15,92.51,92.84,6070073
2017/09/11,93.09,94.19,92.9,93.99,10172570
2017/09/12,93.72,93.98,93.21,93.51,5804047
2017/09/13,93.5,93.77,93.45,93.55,5369277
2017/09/14,93.23,93.65,93.18,93.55,5492135
2017/09/15,93.82,93.82,92.82,93.27,12428228
2017/09/18,93.17,93.5,92.86,93.15,6177478
2017/09/19,93.34,94.45,93.34,94.17,6587052
2017/09/20,94.26,94.67,93.84,94.38,598199
2017/09/21,94.21,94.46,92.45,92.64,640449
2017/09/22,92.55,93,92.09,92.18,537369
2017/09/25,92.51,93.08,92.34,92.71,493856
2017/09/26,92.82,92.85,92.2,92.65,4885203
2017/09/27,92.52,92.52,90.34,90.87,9539402
2017/09/28,90.86,91.12,90.63,90.89,4997256
2017/09/29,90.97,91.43,90.7,90.98,6630721
2017/10/02,91.26,92.4,91.24,91.77,7298923
2017/10/03,91.96,92.34,91.56,92.12,5909908
2017/10/04,92.12,92.8,92.02,92.42,6136702
2017/10/05,92.49,92.65,91.94,92.03,6912709
2017/10/06,92,92.35,91.88,92.33,5241902
2017/10/09,92.4,92.62,91.93,92.12,376802
2017/10/10,92.37,93.04,89.86,91.62,17124672
2017/10/11,91.09,91.73,91.07,91.46,7115090
2017/10/12,91.41,92.31,91.39,92.15,6058667
2017/10/13,92.7,93.51,92.59,93.04,6955993
2017/10/16,92.97,93.37,92.71,93.14,4158813
2017/10/17,93.04,93.09,92.4,92.8,5315844
2017/10/18,92.78,92.95,92.01,92.77,7399662
2017/10/19,91.7,91.99,91.14,91.59,8476738
2017/10/20,89.72,89.96,87.59,88.25,19876628
2017/10/23,88.63,88.86,86.87,87.3,13356674
2017/10/24,87.37,87.42,86.78,86.98,11467257
2017/10/25,86.9,87.11,86.28,86.86,9024151
2017/10/26,87.19,87.77,87.1,87.5,6233806
2017/10/27,87.53,87.53,86.45,87.04,7430379
2017/10/30,86.96,87.08,86.16,86.28,405476
2017/10/31,86.46,86.5,85.73,86.33,417357
2017/11/01,86.86,87.14,86.11,86.9,326361
2017/11/02,86.78,87.04,86.23,86.51,5021150
2017/11/03,86.78,87.16,86.46,86.58,5106355
2017/11/06,86.55,86.64,86.03,86.05,5186619
2017/11/07,86.04,87,85.42,86.98,6874115
2017/11/08,86.99,87.6,86.8,87.58,6906479
2017/11/09,87.35,88.17,87.3,87.78,5279965
2017/11/10,87.99,88.39,87.78,88.16,7226148
2017/11/13,88.67,89.41,88.63,89,6873161
2017/11/14,88.74,89.05,88.47,88.87,5035513
2017/11/15,88.73,88.94,88,88.23,6679443
2017/11/16,89.84,89.9,88.77,89.25,7094883
2017/11/17,88.95,89.09,88.08,88.43,5941453
2017/11/20,88.43,88.56,87.71,88.27,4926181
2017/11/21,88.18,89.21,88.02,88.72,6192791
2017/11/22,88.5,88.91,88.06,88.33,6006641
2017/11/24,88.59,88.96,88.42,88.45,2196665
2017/11/27,88.33,89.1,88.15,88.96,6196919
2017/11/28,89.48,89.52,88.91,89.4,4841259
2017/11/29,89.4,89.81,89.03,89.38,5157619
2017/11/30,89.35,90.37,89.21,89.99,9177180
2017/12/01,90.18,90.53,89.12,90.36,7869019
2017/12/04,90.17,91.91,89.83,91.41,9003691
2017/12/05,91.52,91.84,91.07,91.4,8683012
2017/12/06,91.5,91.78,91.07,91.25,6732232
2017/12/07,91.05,91.07,89.89,90.1,7273632
2017/12/08,90.02,90.37,89.58,90.37,5654310
2017/12/11,90.23,90.33,89.75,90.23,4851198
2017/12/12,90.45,90.51,89.82,89.85,6558871
2017/12/13,90.02,91.41,89.97,90.88,7140517
2017/12/14,90.94,91.43,90.9,91,5848906
2017/12/15,91.57,92.27,91.48,91.89,15918916
2017/12/18,91.98,93.14,91.81,91.88,7400225
2017/12/19,92,92.13,91.58,91.68,5636398
2017/12/20,91.8,91.97,91.35,91.53,6594832
2017/12/21,91.66,92.08,91.53,91.67,4432578
2017/12/22,91.88,92.43,91.72,92.13,4919306
2017/12/26,92.35,92.77,92.15,92.48,3431941
2017/12/27,92.49,92.75,91.93,92.1,4276664
2017/12/28,92.3,92.54,91.91,92.07,3004709
2017/12/29,92.24,92.46,91.88,91.88,4346651
2018/01/02,91.92,91.93,90.55,90.65,7557763
2018/01/03,90.73,91.09,90.52,90.54,5807964
2018/01/04,90.83,91.77,90.61,91.18,6321870
2018/01/05,91.27,91.3,90.57,91.24,5949697
2018/01/08,90.93,91.77,90.93,91.72,4860680
2018/01/09,91.47,91.65,91.01,91.05,6628223
2018/01/10,90.91,90.91,90.01,90.47,6564656
2018/01/11,90.4,90.52,89.92,90.15,5469505
2018/01/12,90.05,90.34,89.35,89.61,8107283
2018/01/16,90.14,90.77,89.64,90.22,9465230
2018/01/17,90.56,91.73,90.43,91.2,8344378
2018/01/18,90.24,90.65,89.67,90.18,7698897
2018/01/19,90.28,91.26,90.24,91.07,9352946
2018/01/22,90.88,91.92,90.77,91.89,8538549
2018/01/23,89.82,90.21,88.6,89.05,18122232
2018/01/24,89.06,89.16,87.7,88.31,15112053
2018/01/25,88.68,89.05,88.01,88.34,11263699
2018/01/26,88.17,88.17,87.23,87.73,11493722
2018/01/29,87.69,87.74,86.69,86.86,11685302
2018/01/30,86.82,87.44,86.63,86.95,9541994
2018/01/31,86.81,87.41,86.08,86.34,11797168
2018/02/01,86.15,86.5,85.56,85.85,8604785
2018/02/02,85.56,85.61,84.21,84.25,12844299
2018/02/05,83.99,84.37,80.1,81.06,17410508
2018/02/06,80.53,82.45,80.12,82.38,19753486
2018/02/07,82.3,83.39,81.82,81.84,11842002
2018/02/08,82.03,82.22,80.15,80.22,14567355
2018/02/09,80.98,81.03,78.59,79.92,18838208
2018/02/12,80.61,81.67,80.58,81.33,10768289
2018/02/13,81.15,81.83,80.91,81.5,9047102
2018/02/14,81.06,81.26,80.27,80.68,9401516
2018/02/15,80.97,82.41,80.5,82.41,8899239
2018/02/16,82.21,83.25,82.13,82.6,10371615
2018/02/20,82.19,82.22,81.07,81.34,6676017
2018/02/21,81.31,81.81,80.19,80.24,9133669
2018/02/22,80.47,81.28,80.17,80.84,10192002
2018/02/23,81.01,81.12,80.48,81.05,10320794
2018/02/26,81.45,81.69,81.05,81.63,9422115
2018/02/27,81.89,82,80.51,80.54,8913753
2018/02/28,80.68,80.79,78.5,78.52,16771376
2018/03/01,78.4,79.28,77.9,78.7,13467617
2018/03/02,78.48,79.66,78.42,79.5,9313345
2018/03/05,79.28,80.39,79.15,80.29,8177044
2018/03/06,80.41,80.42,79.37,80.02,9081951
2018/03/07,79.53,79.64,78.9,79.16,9081586
2018/03/08,79.17,79.99,79.02,79.97,7774312
2018/03/09,80.18,80.75,79.9,80.29,7232019
2018/03/12,80.23,80.62,79.76,79.86,7028058
2018/03/13,80,80.19,79.36,79.72,9265789
2018/03/14,79.69,79.84,78.86,79,8891866
2018/03/15,79.09,79.14,78.54,78.67,6984114
2018/03/16,78.93,79.39,78.84,78.97,17715340
2018/03/19,78.97,79.57,78.27,78.66,8355491
2018/03/20,78.74,79.1,77.96,78.31,8465449
2018/03/21,78.05,78.24,76.88,77.04,9821851
2018/03/22,76.83,77.52,76.37,76.41,10463110
2018/03/23,76.79,77.18,75.81,75.91,11728036
2018/03/26,76.57,76.87,76.02,76.41,12032659
2018/03/27,76.53,78.44,76.3,77.79,11282570
2018/03/28,77.95,79.14,77.95,78.84,12843219
2018/03/29,79.43,80.49,79.18,79.28,10000056
2018/04/02,79.26,79.37,77.06,77.4,11826695
2018/04/03,77.56,78.8,77.18,78.46,11241790
2018/04/04,77.82,79.52,77.59,79.05,9030442
2018/04/05,79.09,79.32,78.51,78.8,7842215
2018/04/06,78.37,79.36,77.9,78.43,8266034
2018/04/09,78.8,78.85,77.57,78.16,8457466
2018/04/10,78.71,78.84,77.94,78.37,6815363
2018/04/11,78.19,78.69,78.04,78.27,5975016
2018/04/12,78.64,78.7,77.79,77.79,8272672
2018/04/13,78.06,78.44,77.72,78.37,6175586
2018/04/16,78.56,78.86,78.04,78.61,5954779
2018/04/17,78.93,78.94,78.1,78.43,6477522
2018/04/18,78.58,78.68,78.02,78.2,7292273
2018/04/19,75.39,75.72,74.2,74.95,16929920
2018/04/20,74.04,74.92,73.74,73.8,13872148
2018/04/23,73.59,73.98,72.76,73,13461058
2018/04/24,73.06,73.33,72.15,72.5,16480059
2018/04/25,72.41,72.75,71.95,72.3,13618974
2018/04/26,72.57,73.01,72.37,72.75,11129234
2018/04/27,72.53,73.08,72.21,72.81,8138900
2018/04/30,72.91,72.92,72.16,72.34,13051141
2018/05/01,72.05,72.33,71.66,71.96,8065308
2018/05/02,71.94,72.01,70.73,70.94,10260555
2018/05/03,70.81,71.72,70.74,71.36,9334137
2018/05/04,71.36,72.62,71.35,72.43,730882
2018/05/07,72.67,73.22,71.89,71.98,6631347
2018/05/08,72.05,72.12,71.11,71.44,7944440
2018/05/09,71.77,72.55,71.74,72.37,7417404
2018/05/10,72.94,73.34,72.69,73.15,7512918
2018/05/11,73.69,74.1,73.06,73.37,476285
2018/05/14,73.78,73.78,73.09,73.28,8633359
2018/05/15,73.31,73.41,72.6,72.95,11497961
2018/05/16,72.98,73.93,72.96,73.53,8292864
2018/05/17,73.52,74,73.4,73.96,7694935
2018/05/18,73.8,74.06,73.12,73.44,502282
2018/05/21,73.75,74.25,73.42,74.06,6408905
2018/05/22,74.46,74.94,73.83,74.03,7742146
2018/05/23,74.02,74.3,73.72,74.18,6337936
2018/05/24,74.08,74.35,73.59,73.77,6506763
2018/05/25,73.9,74.62,73.75,74.31,7531903
2018/05/29,74.06,74.7,73.77,74.05,8903519
2018/05/30,74.33,75.02,74.05,74.89,8122737
2018/05/31,74.67,74.69,72.8,73.17,15489905
2018/06/01,73.33,73.74,72.86,73.45,7201037
2018/06/04,73.54,74.62,73.45,74.18,8732909
2018/06/05,74.28,74.38,73.6,73.97,6908681
2018/06/06,74.07,74.42,73.72,74.35,7000719
2018/06/07,74.18,76.39,74.1,75.76,13438699
2018/06/08,75.85,77.21,75.74,77.18,13623586
2018/06/11,76.97,77.69,76.88,77.53,8830209
2018/06/12,77.82,77.89,77.11,77.24,8743339
2018/06/13,77.4,77.4,76.2,76.47,7971714
2018/06/14,76.56,76.56,75.7,75.99,8844527
2018/06/15,76.16,77.51,75.92,77.38,14933355
2018/06/18,76.86,77.1,75.39,75.84,7287525
2018/06/19,75.59,76.68,75.57,76.33,8128017
2018/06/20,76.35,76.35,75.54,75.85,6546044
2018/06/21,75.53,77.05,75.53,76.44,8669391
2018/06/22,76.79,77.63,76.77,77.43,11790351
2018/06/25,77.28,77.94,77.18,77.79,11282927
2018/06/26,77.79,78.31,77.36,78,9134568
2018/06/27,78.11,78.71,77.56,77.69,7780176
2018/06/28,77.86,78.32,77.66,78.05,5706790
2018/06/29,77.93,78.54,77.29,78.06,7449509
2018/07/02,77.5,78.31,77.42,78.13,6092742
2018/07/03,78.54,78.76,77.78,77.9,5897243
2018/07/05,78.14,79.25,78.12,79.21,7484066
2018/07/06,79.38,79.62,78.9,79.31,7196219
2018/07/09,78.46,78.83,77.78,77.86,9078056
2018/07/10,78.07,79.94,77.99,79.82,12155134
2018/07/11,79.63,79.84,79.03,79.16,7820021
2018/07/12,79.34,79.52,78.57,78.89,8524695
2018/07/13,79.08,79.47,78.9,79.31,6009846
2018/07/16,79.21,79.63,78.83,79.53,6924207
2018/07/17,79.66,80.5,79.55,80.03,8978879
2018/07/18,79.72,80.21,79.33,79.72,9090857
2018/07/19,78.42,79.19,77.89,78.73,8006178
2018/07/20,78.32,79.06,78.32,78.68,8234628
2018/07/23,78.49,78.94,78.24,78.51,5870423
2018/07/24,77.54,79.01,77.54,78.99,8256074
2018/07/25,78.72,79.6,78.72,79.47,6171963
2018/07/26,79.56,80.77,79.47,80.09,9607214
2018/07/27,79.67,80.83,79.46,80.58,7492640
2018/07/30,80.07,80.5,79.84,80.2,7089621
2018/07/31,80.39,80.98,79.43,80.88,9860783
2018/08/01,80.42,80.82,80.11,80.65,7514423
2018/08/02,80.8,82.22,80.59,82,9261532
2018/08/03,82.14,83.1,81.92,82.33,7102296
2018/08/06,82.2,82.93,82.15,82.52,5655127
2018/08/07,82.41,82.68,81.73,82.64,6417798
2018/08/08,82.1,82.8,82.1,82.35,4891248
2018/08/09,82.44,82.44,81.3,81.4,5167309
2018/08/10,81.3,81.76,81,81.43,5563908
2018/08/13,81.7,82.08,81.15,81.52,5067317
2018/08/14,81.39,81.72,81.23,81.31,6226631
2018/08/15,81.3,82.37,80.81,82.3,8353672
2018/08/16,82.46,84,82.31,83.69,12339550
2018/08/17,83.73,84.2,83.6,83.69,8335349
2018/08/20,83.89,83.95,83.31,83.64,6540743
2018/08/21,83.57,84,83.09,83.9,8343027
2018/08/22,83.81,83.85,83.06,83.39,5074126
2018/08/23,83.01,83.6,82.84,83.24,4215035
2018/08/24,83.22,83.55,83.03,83.36,5264784
2018/08/27,83.5,83.82,83.02,83.44,3929753
2018/08/28,83.72,83.86,83.32,83.48,5379549
2018/08/29,83.51,83.76,83.29,83.49,4490831
2018/08/30,83.39,83.74,83.19,83.41,4442863
2018/08/31,83.35,83.53,82.39,82.95,6568735
2018/09/04,82.48,82.96,82.07,82.7,5724822
2018/09/05,82.11,83.47,82.11,83.29,7519238
2018/09/06,82.91,83.31,82.49,82.65,7523470
2018/09/07,82.1,82.2,81.25,81.91,11091039
2018/09/10,82.58,83.1,82.34,82.38,6645425
2018/09/11,82.13,82.42,81.63,82.01,5106353
2018/09/12,81.9,83.18,81.7,83.11,5904988
2018/09/13,83.27,83.49,82.65,83.45,5034026
2018/09/14,83.47,83.67,82.97,83.61,4872488
2018/09/17,83.5,84.27,83.34,84.25,6823594
2018/09/18,84.29,84.29,83.58,84,5925207
2018/09/19,83.92,84.29,83.77,84,6127468
2018/09/20,84.29,85.64,84.23,85.36,9994730
2018/09/21,85.81,86.28,85.52,85.82,17233372
2018/09/24,85.63,85.71,84.23,84.27,6196140
2018/09/25,84.28,84.41,83.08,83.12,5370456
2018/09/26,83.25,83.99,83.03,83.26,6558463
2018/09/27,83.04,83.63,82.81,82.86,5268079
2018/09/28,83.03,83.29,82.79,83.23,4753258
2018/10/01,83.31,83.72,83.17,83.67,4865247
2018/10/02,83.48,84.44,83.37,84.36,6657968
2018/10/03,84.44,84.52,82.85,83.03,7748995
2018/10/04,82.5,82.5,81.1,81.92,7012418
2018/10/05,81.98,82.45,81.98,82.15,5454589
2018/10/08,81.98,82.74,81.75,82.4,7071017
2018/10/09,82.39,82.72,82.06,82.2,6266853
2018/10/10,81.81,82.68,81.44,81.44,8742506
2018/10/11,81.64,81.97,78.67,78.87,12491323
2018/10/12,79.37,79.38,78.49,79.06,9849464
2018/10/15,79.01,80.54,78.92,80.13,9690415
2018/10/16,79.91,81.09,79.9,81.01,8581333
2018/10/17,80.76,82.18,80.38,81.86,10362448
2018/10/18,80.71,81.34,80,80.24,9852107
2018/10/19,84.86,87.76,84.86,87.3,30251852
2018/10/22,86.73,87.24,85.23,86.6,14121712
2018/10/23,86.01,87.3,86.01,87.16,16262130
2018/10/24,87.28,90.7,87.22,89.46,26650048
2018/10/25,88.11,89.33,87.31,89,14528957
2018/10/26,88.69,89.17,87.39,87.86,14329361
2018/10/29,88.29,89.42,87.44,88.24,12845829
2018/10/30,88.85,89.43,88.21,89.19,13770353
2018/10/31,88.77,89.32,87.27,88.68,12541000
2018/11/01,88.81,89.83,88.18,89.59,9682835
2018/11/02,89.88,89.95,88.98,89.81,10916518
2018/11/05,89.89,91.44,89.82,91.2,12269614
2018/11/06,90.86,91.53,90.43,91.51,8716129
2018/11/07,91.59,91.62,90.62,91.29,8643151
2018/11/08,90.95,91.53,90.67,91.36,6584097
2018/11/09,91.35,92.67,91.17,92.41,10709697
2018/11/12,92.21,93.45,91.75,92.7,12293214
2018/11/13,91.97,93.57,91.59,93.47,13269167
2018/11/14,93.42,93.9,92.99,93.49,11585023
2018/11/15,93.33,93.9,92.72,93.83,12326314
2018/11/16,93.82,94.81,93.67,93.82,12978742
2018/11/19,93.72,94.19,92.91,93.29,9149753
2018/11/20,93.24,93.79,91.86,92.1,11489247
2018/11/21,91.66,92.37,91.24,91.41,8911219
2018/11/23,91.25,91.99,90.63,91.54,4399630
2018/11/26,91.15,92.4,91.15,91.94,7769263
2018/11/27,91.93,92.86,91.85,92.72,8999740
2018/11/28,92.63,93.22,92.21,93.01,7923029
2018/11/29,92.86,93.3,92.66,92.82,5857279
2018/11/30,93.18,94.65,92.75,94.51,16049785
2018/12/03,94.67,94.67,92.26,93.32,13412598
2018/12/04,93.49,94.86,93.17,93.31,10282344
2018/12/06,92.7,93.63,91.08,93.55,13919944
2018/12/07,93.59,93.78,92.14,92.45,7896285
2018/12/10,93.25,93.4,91.37,93.03,8777062
2018/12/11,93.72,94.52,93.4,93.91,8737876
2018/12/12,94.21,94.55,93.1,94.03,9534025
2018/12/13,94.87,96.79,94.8,96.49,18055864
2018/12/14,96.45,96.9,96.02,96.64,12481113
2018/12/17,96,96.5,92.4,92.77,12245777
2018/12/18,93.13,93.31,91.86,92.49,11355613
2018/12/19,92.55,93.35,91.29,91.76,10772932
2018/12/20,91.51,92.23,90.13,90.98,13982193
2018/12/21,90.61,93.17,90.36,90.97,22699680
2018/12/24,90.45,90.66,86.88,87.36,7396254
2018/12/26,87.42,90.09,86.74,90.09,8529158
2018/12/27,89.61,92.05,88.2,92.02,10299059
2018/12/28,92.56,93.28,90.84,91.18,9609041
2018/12/31,91.63,92.18,91.15,91.92,7207867
2019/01/02,91.03,91.39,89.93,91.28,9345109
2019/01/03,90.94,92.5,90.38,90.64,9692373
2019/01/04,90.84,92.49,90.37,92.49,9719242
2019/01/07,91.91,92.5,91.4,92.12,8733035
2019/01/08,92.7,93.09,91.82,92.46,9245240
2019/01/09,92.69,92.96,90.81,90.95,13837521
2019/01/10,90.89,91.54,90.61,91.17,10573839
2019/01/11,91.67,91.98,91.11,91.77,7165517
2019/01/14,91.5,91.91,90.85,91.15,6796366
2019/01/15,91.15,92.61,91.14,92.01,7824383
2019/01/16,91.74,92.15,90.99,91.37,7883305
2019/01/17,90.71,91.56,90.35,90.64,8038687
2019/01/18,91.37,91.84,91.04,91.42,9075636
2019/01/22,91.39,91.75,89.08,90.44,13498003
2019/01/23,94.18,96.41,93.63,94.84,22475560
2019/01/24,94.29,94.56,93.19,94.3,12108074
2019/01/25,94.42,94.89,93.06,93.6,10586027
2019/01/28,93.32,93.97,92.97,93.52,9699789
2019/01/29,93.79,94.12,93.1,93.54,9767239
2019/01/30,93.61,94.66,93.57,94.52,7694887
2019/01/31,94.43,96.81,94.08,96.47,16031591
2019/02/01,96.35,97.61,95.99,97.47,12722613
2019/02/04,97.21,98.22,96.72,98.03,11843610
2019/02/05,97.99,98.02,97.21,97.44,9700160
2019/02/06,97.25,98.32,97.12,97.92,8438284
2019/02/07,97.52,97.6,96.34,97.14,8625618
2019/02/08,97.01,97.72,96.7,97.71,7472658
2019/02/11,97.49,98.39,97.43,98.27,8234383
2019/02/12,98.38,99.34,97.98,99.26,11204432
2019/02/13,99.29,99.7,99.01,99.24,11504586
2019/02/14,98.7,98.82,97.84,98.46,7812228
2019/02/15,98.95,99.2,98.25,98.48,12068928
2019/02/19,98.56,100,98.47,99.99,10078294
2019/02/20,99.78,100.22,98.94,99.28,8865625
2019/02/21,99.1,99.86,98.59,99.78,7431672
2019/02/22,99.69,100.4,99.4,100.25,7745946
2019/02/25,100.36,100.45,99.33,99.57,7288854
2019/02/26,99.84,100.18,99.63,99.83,6938718
2019/02/27,99.34,99.63,98.82,98.91,6003768
2019/02/28,98.91,99.2,98.08,98.55,8748321
2019/03/01,98.61,98.78,97.83,98.44,7490123
2019/03/04,98.57,98.88,97.88,98.87,6875205
2019/03/05,98.91,99.68,98.91,99.09,6117530
2019/03/06,98.86,99.1,98.4,98.93,4465253
2019/03/07,98.97,99.6,98.25,98.55,8327928
2019/03/08,98.82,99.18,97.75,98.41,5115487
2019/03/11,98.79,99.68,98.51,99.58,7521704
2019/03/12,99.78,100.52,99.73,100.05,7596749
2019/03/13,99.99,101.59,99.96,101.18,9541595
2019/03/14,100.94,101.78,100.72,101.32,8590080
2019/03/15,101.76,102.89,101.73,102.44,30785072
2019/03/18,102.06,102.29,101.2,101.51,7760571
2019/03/19,101.91,102.14,101.29,101.9,7075819
2019/03/20,101.73,102.31,101.05,101.72,7282000
2019/03/21,101.28,102.91,101.28,102.49,7357579
2019/03/22,102.48,103.15,99.09,101.66,10690156
2019/03/25,101.66,102.34,101.26,101.96,6376721
2019/03/26,102.44,103.48,102.4,103.02,6909311
2019/03/27,102.76,103.02,102.04,102.9,5609851
2019/03/28,103.31,103.68,103.11,103.55,6337420
2019/03/29,103.86,104.15,103.11,104.05,7122027
2019/04/01,104.23,104.23,103.14,103.64,6272879
2019/04/02,103.61,104.02,103.26,103.75,5854710
2019/04/03,103.58,103.89,102.75,103.69,5218962
2019/04/04,103.48,103.67,102.79,103.43,4782596
2019/04/05,103.61,103.69,103.17,103.65,4095237
2019/04/08,103.93,105.14,103.5,104.97,8441821
2019/04/09,104.55,104.76,104.14,104.66,5799449
2019/04/10,104.66,105,104.24,104.65,5205358
2019/04/11,104.58,105.05,104.37,104.75,4924080
2019/04/12,104.75,105.06,104.17,105.06,6702459
2019/04/15,104.98,105.78,104.79,105.73,5358077
2019/04/16,105.98,106.5,105.65,106.42,8108215
2019/04/17,106.27,106.51,105.35,105.85,6449491
2019/04/18,106.02,106.71,105.83,106.05,7011817
2019/04/22,106.13,107.2,105.74,106.01,8999055
2019/04/23,104.01,104.11,102.13,103.16,15722719
2019/04/24,103.32,104.65,102.79,103.69,9444876
2019/04/25,103.1,103.57,102.59,103.28,5974513
2019/04/26,103.95,105.88,103.91,105.86,7746044
2019/04/29,105.57,105.75,104.72,104.78,4614393
2019/04/30,104.86,106.62,104.66,106.48,7678327
2019/05/01,106.15,106.39,104.81,104.93,6135892
2019/05/02,105.2,105.76,105.05,105.56,5531171
2019/05/03,105.99,106.41,105.58,106.08,4793436
2019/05/06,105.12,105.82,105.04,105.68,4890339
2019/05/07,105.03,105.58,104.1,104.7,5708445
2019/05/08,104.99,105.77,104.16,105.07,5213791
2019/05/09,104.67,105.04,103.78,104.24,6691177
2019/05/10,103.98,106.15,103.92,106.01,5665867
2019/05/13,105.14,106.59,104.85,106.11,7558977
2019/05/14,105.77,106.5,105.57,105.6,6454502
2019/05/15,105.61,107,105.5,106.7,5535405
2019/05/16,106.74,108.68,106.59,108.11,9116193
2019/05/17,107.27,108,107.26,107.45,5912212
2019/05/20,107.44,108.13,107.14,107.33,6497892
2019/05/21,107.47,107.54,106.29,106.37,5213883
2019/05/22,106.09,107.05,105.94,106.72,4860383
2019/05/23,106.68,107.03,105.89,106.76,5995354
2019/05/24,107.15,107.44,106.54,106.69,4369202
2019/05/28,106.7,107.25,104.42,104.46,7342600
2019/05/29,103.96,104.81,103.7,104.19,6050186
2019/05/30,104.37,105.37,104.37,105.33,4720817
2019/05/31,104.89,104.9,102.41,102.91,10254392
2019/06/03,103.15,103.96,102.4,103.8,8490918
2019/06/04,104.01,105.1,103.85,104.68,6868641
2019/06/05,105.24,106.75,104.89,106.73,6307339
2019/06/06,106.85,107.68,106.33,107.38,6424873
2019/06/07,107.74,109.38,107.74,108.77,7691822
2019/06/10,108.32,109.02,107.46,108.72,4766656
2019/06/11,108.94,109.6,108.87,109.38,6468367
2019/06/12,109.6,110.66,109.58,109.68,7686866
2019/06/13,109.98,110.95,109.86,110.91,8610506
2019/06/14,110.97,111.75,110.65,111.2,6300721
2019/06/17,111.16,111.21,110.24,110.99,5369880
2019/06/18,111.45,111.56,109.43,109.6,7730507
2019/06/19,109.5,110.73,109.26,110.42,6978867
2019/06/20,110.78,112.02,110.5,111.74,6603367
2019/06/21,111.62,112.47,111.02,111.2,13786506
2019/06/24,111.82,112.5,111.4,112.33,5452091
2019/06/25,112.11,112.63,111.31,111.72,6580793
2019/06/26,111.39,111.44,109.66,109.73,7085332
2019/06/27,109.92,110.27,109.29,109.78,4503081
2019/06/28,111.86,111.96,109.02,109.65,12141346
2019/07/01,109.92,110.7,109.61,110.49,6773546
2019/07/02,110.61,111.5,110.29,111.48,6362768
2019/07/03,111.96,114.27,111.84,114.08,6223225
2019/07/05,112.97,113.45,112.23,113.15,8694286
2019/07/08,113.34,114.23,113.3,114.05,5298674
2019/07/09,113.9,113.91,112.32,112.91,7357748
2019/07/10,113.46,114.5,113.4,113.75,5557492
2019/07/11,113.66,114.4,113.44,114.38,4542695
2019/07/12,114.07,115.21,114.07,114.99,7056042
2019/07/15,115.07,115.88,114.79,115.48,6240703
2019/07/16,115.72,116.52,115.45,115.89,7627525
2019/07/17,115.73,116.29,115.73,115.94,7852040
2019/07/18,114.93,115.77,114.79,115.44,5729943
2019/07/19,115.5,115.95,115.01,115.01,6530896
2019/07/22,115.04,115.45,114.58,115.3,4016027
2019/07/23,115.71,116.05,113.84,113.85,8192485
2019/07/24,113.85,113.88,112.28,112.6,9615654
2019/07/25,111.48,112.98,111.38,112.77,7801439
2019/07/26,113.21,114.88,112.88,114.73,5558902
2019/07/29,114.73,116.21,114.62,116,7761826
2019/07/30,119.82,121.76,118.8,120.41,18747732
2019/07/31,119.66,120.68,117.07,118.04,12591585
2019/08/01,118.56,119.17,116.73,116.73,11269947
2019/08/02,116.51,117.08,115.69,116.44,12209846
2019/08/05,116.09,116.3,112.83,113.08,12925001
2019/08/06,113.65,115,113.18,114.28,8941912
2019/08/07,113.75,116.24,112.68,115.52,9501277
2019/08/08,115.52,117.49,115.34,117.44,7414603
2019/08/09,117.62,118.04,115.85,116.78,6887169
2019/08/12,116.78,117.67,115.59,116.08,3430852
2019/08/13,116.51,118.07,116.34,117.25,6729123
2019/08/14,116.46,117.94,115.66,115.79,10117470
2019/08/15,116.8,118.09,116.44,117.39,7746680
2019/08/16,117.63,119.54,117.4,119.19,543313
2019/08/19,119.97,120.45,119.11,120.24,5860121
2019/08/20,120.05,120.26,118.79,118.9,6689000
2019/08/21,119.27,119.65,118.68,119.2,4009162
2019/08/22,119.08,119.79,118.7,119.42,4549702
2019/08/23,119.14,120.11,116.43,117.32,7283172
2019/08/26,117.75,119.6,117.22,119.32,5659415
2019/08/27,119.99,121.05,119.78,120.55,6717347
2019/08/28,120.46,121.43,119.63,121.4,4596117
2019/08/29,121.79,122,120.32,121.18,4835350
2019/08/30,121.96,122,119.51,120.23,5947418
2019/09/03,119.79,121.54,119.63,121.36,4921567
2019/09/04,121.85,123.28,121.46,123.21,5570947
2019/09/05,123.24,123.43,122.18,122.76,7426447
2019/09/06,123,123.38,122.54,122.87,4965598
2019/09/09,122.71,122.78,121.78,122.17,7642139
2019/09/10,121.03,121.18,119.58,119.88,9574305
2019/09/11,119.86,121.34,119.36,121.27,7414020
2019/09/12,122.65,123.21,121.62,122.77,6194135
2019/09/13,121.82,122.58,121.5,122.12,6725554
2019/09/16,121.81,121.96,119.02,119.75,7226167
2019/09/17,119.63,121.99,119.44,121.16,6402937
2019/09/18,121.27,121.96,120.77,121.41,5761032
2019/09/19,121.39,122.23,121.24,121.9,4535115
2019/09/20,122.13,122.6,121.75,122.24,15419788
2019/09/23,122.2,123.77,121.97,123.22,6095746
2019/09/24,123.7,124.73,123.36,123.61,7635251
2019/09/25,123.56,123.83,122.95,123.02,5812621
2019/09/26,123.64,125,123.53,124.31,6986336
2019/09/27,124.41,124.88,123.72,124.57,5586020
2019/09/30,124.57,125.36,124.13,124.38,5210885
2019/10/01,124.36,124.64,123.2,123.85,5416957
2019/10/02,123.2,123.65,120.21,121.08,6755452
2019/10/03,121.67,122.54,120.84,121.74,5173387
2019/10/04,122.19,124.06,121.99,124,4393806
2019/10/07,123.53,123.89,122.68,122.84,4752371
2019/10/08,122.66,122.93,120.88,120.93,6177486
2019/10/09,121.81,122.39,121.43,121.98,3776399
2019/10/10,121.33,122.19,120.8,121.94,4040831
2019/10/11,122.04,122.06,120.82,121.09,6292191
2019/10/14,121.62,121.62,119.58,120.05,7360316
2019/10/15,120.19,120.56,116.7,117.2,11142768
2019/10/16,117.67,117.77,116.51,117.53,7977119
2019/10/17,117.31,117.64,116.55,116.63,5992849
2019/10/18,116.55,117.75,116.17,117.47,9014028
2019/10/21,117.42,119.12,117.35,119.08,6801341
2019/10/22,124,124.22,121.6,122.18,14418450
2019/10/23,121.99,123.73,121.84,123,8271650
2019/10/24,123.76,125.77,123.34,124.79,6725709
2019/10/25,124.82,124.82,123.17,123.25,6081716
2019/10/28,123.48,124.12,122.6,123.48,5448488
2019/10/29,123.2,124.56,123.1,123.6,5654817
2019/10/30,123.99,125.17,123.5,124.94,4726758
2019/10/31,124.79,125.45,123.36,124.51,6377585
2019/11/01,124.83,125.14,123.25,123.87,5983693
2019/11/04,123.92,123.92,118.64,119.07,10339827
2019/11/05,118.83,119.59,118.24,118.9,9230409
2019/11/06,119.1,120.35,118.66,120.32,6742702
2019/11/07,120.34,120.34,118.81,119.62,8906328
2019/11/08,119.85,120.59,119.16,119.7,4242861
2019/11/11,119.48,120,119.09,119.33,3848251
2019/11/12,119.49,119.6,118.55,119.27,4756345
2019/11/13,119.9,121.05,119.87,120.65,7278832
2019/11/14,120.62,121.17,120.11,120.5,5186287
2019/11/15,120.99,120.99,119.97,120.54,7104678
2019/11/18,120.25,122.56,120.17,121.89,7485441
2019/11/19,121.93,122.78,121.13,121.42,5977632
2019/11/20,121.42,122.38,120.93,122.29,6413868
2019/11/21,121.78,122.54,120.28,120.34,7012754
2019/11/22,120.23,120.61,119.39,120.29,4358257
2019/11/25,120.44,120.92,120.02,120.51,5078583
2019/11/26,120.73,122.35,120.41,122.26,8136344
2019/11/27,122.42,122.44,120.96,121.76,3751019
2019/11/29,121.99,122.63,121.71,122.06,2927290
2019/12/02,121.94,122.78,120.96,122.72,6096601
2019/12/03,122.31,122.96,121.8,122.95,6475739
2019/12/04,122.75,124.58,122.69,124.53,6849306
2019/12/05,124.27,124.63,123.66,124.62,7028182
2019/12/06,124.73,125.45,123.89,124.19,7101382
2019/12/09,124.31,125.14,124.18,124.87,7348181
2019/12/10,124.78,124.87,124.12,124.27,4740113
2019/12/11,124.27,125.27,124.07,124.66,4821814
2019/12/12,124.78,125.76,123.88,124.57,5897369
2019/12/13,124.21,125.74,123.79,125.47,5466267
2019/12/16,125.47,126.35,125.35,125.56,7419351
2019/12/17,125.59,125.98,124.31,125.31,8011428
2019/12/18,125.31,125.87,123.69,124.01,8606882
2019/12/19,124.16,125.2,123.9,124.92,6268912
2019/12/20,126.15,126.6,125.03,125.36,16240627
2019/12/23,125.52,125.82,124.69,124.9,6604777
2019/12/24,124.79,125.31,124.58,125.22,2022053
2019/12/26,125.1,125.75,124.87,125.22,4759187
2019/12/27,125.56,126.3,125.39,126.09,5182659
2019/12/30,125.76,125.98,124.14,124.47,3884298
2019/12/31,124.43,124.99,123.95,124.9,4798329
2020/01/02,124.5,124.73,122.94,123.41,7646233
2020/01/03,122.16,123.53,121.86,122.58,7865697
2020/01/06,122.57,123.19,122.38,122.75,6667915
2020/01/07,122.88,123.21,121.87,121.99,7582109
2020/01/08,122.19,123.43,122,122.51,5310338
2020/01/09,122.51,123.88,122.51,123.85,5943936
2020/01/10,123.9,124.32,123.3,123.97,3926837
2020/01/13,124,124.9,123.81,124.88,8407625
2020/01/14,124.65,125.2,124.48,124.69,7618223
2020/01/15,125.06,126.12,125.01,125.96,4827883
2020/01/16,126.11,126.78,125.59,126.07,6231525
2020/01/17,126.35,127,125.88,126.41,11064829
2020/01/21,126.41,126.62,124.84,126.09,8546257
2020/01/22,126.33,126.68,125.83,126.31,7382893
2020/01/23,124.3,126.55,123.65,124.99,11093128
2020/01/24,125.22,126.79,124.77,125.14,9499196
2020/01/27,124.75,126.39,124.75,125.69,9173454
2020/01/28,125.93,126.98,125.72,126.03,5737623
2020/01/29,125.91,126.07,125.03,125.06,5219284
2020/01/30,124.79,126.06,124.42,125.95,5853059
2020/01/31,125.99,126.95,124.46,124.62,6605978
2020/02/03,124.66,125.95,124.49,125.11,5829628
2020/02/04,125.71,127.35,125.36,125.66,6395957
2020/02/05,125.91,127.06,125.4,126.81,6119868
2020/02/06,126.9,128.09,126.6,127.14,9030596
2020/02/07,127.19,127.27,126.05,126.08,5914983
2020/02/10,126.46,126.83,125.76,126.17,5215494
2020/02/11,126.27,126.27,124.03,124.16,6096931
2020/02/12,123.68,123.97,122.85,123.45,6011735
2020/02/13,123.73,125.28,123.52,124.96,7151981
2020/02/14,125.29,126.15,124.79,126.14,5872966
2020/02/18,125.83,126.18,124.83,124.87,5922657
2020/02/19,124.85,126.47,124.65,125.44,4639979
2020/02/20,125.47,126.76,125.13,126.58,6082232
2020/02/21,126.13,128.07,125.98,126.7,8657990
2020/02/24,125.26,126.59,123.14,123.3,7533772
2020/02/25,123.02,123.96,120.88,121.43,7862143
2020/02/26,121.42,122.39,119.85,120.16,6746046
2020/02/27,119.12,119.92,113.43,113.5,13295699
2020/02/28,109.46,113.23,106.67,113.23,22782834
2020/03/02,113.19,119.79,112.55,119.56,12370926
2020/03/03,119.73,121.84,117.14,118.17,12509948
2020/03/04,119.88,124.69,119.6,124.5,9367003
2020/03/05,121.3,122.9,120.28,121.63,9345651
2020/03/06,118.03,122.61,117.55,121.66,9809312
2020/03/09,115.27,120.03,115.12,116.06,13039616
2020/03/10,118.96,120.82,114.44,120.55,11345093
2020/03/11,117.6,118.44,110.68,111.59,16382064
2020/03/12,103,111.58,101,101.84,20967248
2020/03/13,106.5,114.63,105.41,114.07,17115016
2020/03/16,101.75,115.95,101,108.5,17075584
2020/03/17,111.45,119.7,110.77,118.24,18991996
2020/03/18,113.02,121.5,112.09,117.45,22986532
2020/03/19,116.61,118,109.79,110.83,16394581
2020/03/20,109.19,109.7,101.59,102.43,19893032
2020/03/23,100.19,103.75,94.34,97.7,17504820
2020/03/24,101.23,104,96.07,103.27,14603699
2020/03/25,100.51,104.7,98.6,100.92,13786376
2020/03/26,103.88,108.31,102.53,107.38,15604104
2020/03/27,106.49,114.29,106.49,110.17,16069799
2020/03/30,113.9,115.79,110.2,115,14488951
2020/03/31,113.5,114.29,108.95,110,21670796
2020/04/01,107.95,112.18,107,109.33,11083582
2020/04/02,107.69,114.99,107.5,114.4,9087608
2020/04/03,113.74,115.9,113.01,115.08,7678717
2020/04/06,117,119,114.58,117.81,16801744
2020/04/07,116.71,120.06,112.5,112.77,14411166
2020/04/08,114.39,117.3,111.86,115.1,12521570
2020/04/09,115.26,118.66,114.2,114.66,12533574
2020/04/13,113.61,116.75,113.16,115.95,7904219
2020/04/14,118.76,121.47,116.25,120.96,10449363
2020/04/15,120.86,123.42,119.59,121.22,14170391
2020/04/16,122.35,122.5,119.9,121.5,11902920
2020/04/17,122.45,124.99,120.54,124.69,15868746
2020/04/20,121.47,123.23,120.54,120.6,10825969
2020/04/21,119.5,120.3,118.43,119.68,9462888
2020/04/22,119.99,120.28,118.78,119.4,10221657
2020/04/23,118.65,119.67,118.05,119.4,17273456
2020/04/24,119.1,119.76,118.62,118.78,12732685
2020/04/27,119.19,119.19,116.9,117.45,10631848
2020/04/28,117.1,117.91,116.17,116.89,9941871
2020/04/29,117.52,118.05,115.08,117.08,8693300
2020/04/30,115.92,118.28,115.66,117.87,9950934
2020/05/01,117.6,118.37,116.32,116.82,7364392
2020/05/04,117.09,117.2,115,115.77,5621118
2020/05/05,115.8,117.26,115.21,116.01,5386774
2020/05/06,115.54,116.14,112.89,113.1,7848313
2020/05/07,114.06,114.14,111.82,112.17,8762054
2020/05/08,113.52,116.3,113.39,115.95,9255263
2020/05/11,115.75,116.01,114.92,115.31,6928119
2020/05/12,115.2,115.9,114.14,114.55,6710529
2020/05/13,114.28,115.35,113.73,113.92,9309234
2020/05/14,113.54,114.45,111.25,113.81,9309555
2020/05/15,113.93,114.79,112.05,114.61,10634317
2020/05/18,116.03,116.99,114.71,116.21,10011843
2020/05/19,115.09,115.64,112.34,112.44,8002652
2020/05/20,113,113.77,112.13,113.28,6555503
2020/05/21,112.8,113.2,111.43,111.62,6433170
2020/05/22,112.29,113.6,111.76,112.6,5498810
2020/05/26,114.15,114.15,111.68,112.03,10431140
2020/05/27,112.5,113.97,111.82,113.89,8241157
2020/05/28,115.53,116.99,114.9,116.06,6561164
2020/05/29,116.13,116.72,114.62,115.92,7839753
2020/06/01,116,117.5,115.26,117.25,5103320
2020/06/02,117.07,118.14,116.82,118.06,6326834
2020/06/03,118.1,119.19,117.95,118.53,6170295
2020/06/04,118,118.83,115.57,116.05,6875792
2020/06/05,116.25,118.83,116.05,118.33,7329769
2020/06/08,117.44,119.12,116.84,119.05,6923233
2020/06/09,119.4,119.76,118.15,118.34,5559579
2020/06/10,119,119.89,118.11,119.23,6673032
2020/06/11,118.81,119.57,116,116.26,8935796
2020/06/12,116.59,118.05,115.26,115.62,7996225
2020/06/15,114.55,117.28,113.76,116.69,8777642
2020/06/16,118.53,118.97,116.93,118.13,8147009
2020/06/17,118.39,119.11,117.44,117.93,6267747
2020/06/18,117.46,119.96,117.37,119.28,6122656
2020/06/19,120.49,121.82,118.83,118.92,17504420
2020/06/22,118.78,119.08,117.34,117.75,5614527
2020/06/23,118.67,119.19,117.65,117.73,5337679
2020/06/24,117.22,117.96,116.28,116.42,6437591
2020/06/25,116.99,118.03,116.03,117.89,5429127
2020/06/26,117.59,118.47,115.04,115.23,23187884
2020/06/29,116.51,118.05,116.35,117.66,6674150
2020/06/30,117.97,119.99,117.8,119.57,7786484
2020/07/01,119.65,120.39,118.9,119.98,6499412
2020/07/02,121,122.57,120.53,120.88,6149546
2020/07/06,121.77,122.41,120.88,121.63,6021146
2020/07/07,121.3,123.25,120.89,122.22,6864441
2020/07/08,122.15,123.24,122,122.89,6491738
2020/07/09,122.82,123.98,121.81,122.48,5339433
2020/07/10,122.57,124.5,122.47,123.89,6708690
2020/07/13,124,125.59,123.34,124.05,7556002
2020/07/14,123.99,125.66,123.5,125.09,6222220
2020/07/15,125.98,126.9,124.26,124.5,8116210
2020/07/16,125.08,125.52,123.91,124.76,3957970
2020/07/17,125.09,126.07,124.83,125.63,4438599
2020/07/20,125.47,125.84,124.79,125.24,4226085
2020/07/21,125.49,126.64,124.92,125.07,5131066
2020/07/22,125.5,126.4,124.21,126.14,5826686
2020/07/23,126.12,127.18,125.6,126.16,6640460
2020/07/24,126.99,127.77,125.32,125.96,5972503
2020/07/27,125.71,126.64,125.54,126.32,6107803
2020/07/28,126.37,128.46,126.29,127.88,7643206
2020/07/29,127.56,129.24,127.36,128.31,6603677
2020/07/30,130.66,132.03,129.65,131.42,10377397
2020/07/31,130.01,131.21,129.27,131.12,8482188
2020/08/03,130.47,131.92,130.47,131.29,7748890
2020/08/04,130.77,133.93,130.7,133.79,7736862
2020/08/05,133.59,134.65,133.12,133.44,5679940
2020/08/06,132.85,133.37,132.12,132.71,3965481
2020/08/07,132.89,133.64,132.45,133.55,4932944
2020/08/10,133.7,134.44,133.19,134.1,5762818
2020/08/11,134.27,134.74,132.79,133.23,5323737
2020/08/12,133.77,135.97,133.7,135.46,5919317
2020/08/13,135.08,135.87,134.93,135.78,4981834
2020/08/14,135.61,135.64,134.55,135.1,5841358
2020/08/17,134.94,135.7,134.66,135.5,5592331
2020/08/18,135.81,137.52,135.42,136.51,8667217
2020/08/19,135.54,136.32,135.5,135.77,6817179
2020/08/20,135.24,136.98,135.19,136.85,4347475
2020/08/21,136.6,138.1,135.91,137.44,5687037
2020/08/24,137.49,138.78,137.2,138.51,7411217
2020/08/25,139,139.15,137.8,139.06,4702969
2020/08/26,138.57,139.32,138.25,138.39,4726116
2020/08/27,138.84,139.69,138.18,138.21,6152320
2020/08/28,138.32,138.91,136.95,138.77,4144588
2020/08/31,138.19,138.73,137.82,138.33,5571349
2020/09/01,137.86,138.22,137.07,138.18,5656727
2020/09/02,138.11,141.44,137.61,140.51,8379169
2020/09/03,140.74,141.7,137.09,138.26,7247740
2020/09/04,137.81,139.19,136.12,137.96,7377856
2020/09/08,138.52,138.64,135.04,135.94,6823027
2020/09/09,136.42,139.56,136.27,138.15,5996828
2020/09/10,138.12,138.72,136.51,136.7,5240405
2020/09/11,137.69,138.66,137.16,138.14,4397690
2020/09/14,138.44,139.58,138.33,138.63,4765318
2020/09/15,138.79,139.77,138.39,138.63,4045808
2020/09/16,139.57,140.17,137.6,137.7,6049877
2020/09/17,137.06,137.88,136.19,137.52,4648255
2020/09/18,136.91,137.93,136.26,137.37,10170014
2020/09/21,137,137.47,134.7,136.71,7068880
2020/09/22,136.49,139.03,136.24,137.96,4711389
2020/09/23,138.42,138.42,136.09,136.31,6361872
2020/09/24,136.67,137.15,135.71,136.92,5688429
2020/09/25,135.89,137.99,135.89,137.62,4969885
2020/09/28,138.56,139.94,137.78,138.01,5810778
2020/09/29,138.39,138.42,136.66,137.26,4491629
2020/09/30,138.16,139.85,137.81,138.99,8727291
2020/10/01,139.58,139.99,138.21,139.24,5713282
2020/10/02,137.93,139.12,136.95,138.12,6077680
2020/10/05,138.72,139.65,138.3,139.39,6306187
2020/10/06,139.42,140.77,138.81,139.61,5940099
2020/10/07,140.08,141.39,139.37,140.7,4626511
2020/10/08,140.56,141.93,140.36,141.65,4538708
2020/10/09,141.84,143.64,141.7,142.92,6493051
2020/10/12,143.33,145.33,143.33,144.49,5783636
2020/10/13,143.82,144.84,143.46,144.21,4467598
2020/10/14,144.18,145.1,143.08,144.04,3859890
2020/10/15,143.06,144.39,142.89,143.83,4823154
2020/10/16,144.42,145.87,143.92,144.39,6299000
2020/10/19,144.47,145.39,141.13,141.91,6327963
2020/10/20,145.61,145.69,141.9,142.48,7493767
2020/10/21,142.49,144.34,142.47,143.25,5621116
2020/10/22,141.49,142.75,141.08,141.45,4453344
2020/10/23,141.76,142.88,141.76,142.38,4246120
2020/10/26,141.5,142.05,140.01,141.3,4912054
2020/10/27,141.94,143.34,141.65,142.36,6473123
2020/10/28,140.45,140.94,137.31,137.66,8153470
2020/10/29,137.35,139.09,135.8,137.57,5425453
2020/10/30,137.18,137.99,134.68,137.1,6364366
2020/11/02,138.51,140,137.44,138.5,6665220
2020/11/03,139.32,142.66,139.32,141.22,6219982
2020/11/04,140.46,143,140.27,140.64,5800728
2020/11/05,142.44,143.53,141.78,142.38,5618546
2020/11/06,142.67,144.07,142.38,143.23,4484585
2020/11/09,146.15,146.92,137.6,137.99,12283968
2020/11/10,138.1,140.62,137.15,140.26,7717069
2020/11/11,141.85,143,140.65,142.07,5540259
2020/11/12,142.29,142.55,141.07,142.15,5627682
2020/11/13,142.21,144.48,141.88,144.28,6448380
2020/11/16,144.78,144.78,141.26,142.43,7965990
2020/11/17,141.89,143.47,141.75,141.88,6387458
2020/11/18,141.99,142.1,139.66,139.7,6057402
2020/11/19,139.87,140.12,138.45,139.53,5112869
2020/11/20,139.53,140.35,138.63,139.3,4675502
2020/11/23,139.32,139.95,137.86,138.76,4762636
2020/11/24,138.83,139.84,138.07,138.31,7085825
2020/11/25,138.16,139.39,138.04,138.68,8410711
2020/11/27,138.59,138.89,137.53,138.61,4013890
2020/11/30,138,139.2,136.74,138.87,10877334
2020/12/01,139.16,139.54,138.16,139.37,7113152
2020/12/02,139.37,139.94,137.49,138.36,6782333
2020/12/03,138.09,138.35,135.54,137.34,8419427
2020/12/04,137.21,137.86,135.87,137.47,6535189
2020/12/07,136.61,137.74,136.56,137.68,6662159
2020/12/08,137.02,138.78,136.43,138.05,6430767
2020/12/09,137.83,138.04,136.25,136.41,6693083
2020/12/10,136.52,136.92,135.04,135.51,6782998
2020/12/11,134.46,136.8,134.2,136.51,6537607
2020/12/14,137.02,137.93,135.77,135.85,5876750
2020/12/15,136.39,137.54,136.24,136.65,5323887
2020/12/16,136.71,138.27,136.71,137.27,5103579
2020/12/17,138.01,139.12,137.95,138.25,6951099
2020/12/18,138.26,140.07,137.45,139.04,17731260
2020/12/21,137.96,138.43,136.22,137.52,6662242
2020/12/22,137.29,138.07,136.38,136.55,5014775
2020/12/23,137.39,137.55,136.13,136.34,5871904
2020/12/24,136.2,138.13,136.2,137.72,2588165
2020/12/28,138.15,139.39,137.95,138.68,3683567
2020/12/29,139.22,139.94,138.2,138.42,5132507
2020/12/30,138.6,138.92,137.55,137.77,3114692
2020/12/31,138.31,139.29,137.39,139.14,3976637
2021/01/04,139.66,139.86,136.35,137.82,8321341
2021/01/05,137.99,138.92,136.27,138.7,6745353
2021/01/06,138.77,141.04,138.6,140.16,10036523
2021/01/07,139.75,140.13,138.04,138.85,7192450
2021/01/08,138.47,139.06,137,138.79,7378032
2021/01/11,138.75,139.44,137.6,137.85,5685737
2021/01/12,137.85,138.25,136.24,137.05,6327610
2021/01/13,137.1,138.07,137.1,137.26,6048044
2021/01/14,137.43,137.65,135.28,135.8,6144272
2021/01/15,135.25,136.2,134.66,134.78,7714741
2021/01/19,135.7,136.36,133.56,133.6,9127084
2021/01/20,132.53,133.8,131.26,131.93,12454248
2021/01/21,130.65,131.99,130.51,131.01,8720958
2021/01/22,131.02,131.47,129.99,130,7185637
2021/01/25,129.95,133,129.9,132.24,9376794
2021/01/26,132.25,133.47,131.43,133.09,5974422
2021/01/27,132.39,133.1,127.7,128.38,10517786
2021/01/28,127.84,131.65,127.44,130.36,8010984
2021/01/29,130.19,130.29,128.07,128.21,8332832
2021/02/01,129,129.66,128.2,128.97,6035965
2021/02/02,129.6,130.72,128.69,128.79,6792003
2021/02/03,128.95,129.2,127.75,128.95,7285205
2021/02/04,129.38,129.46,128.58,129.03,6604405
2021/02/05,129.12,130.1,129.03,129.57,4946824
2021/02/08,129.93,130.1,128.11,129.17,6978090
2021/02/09,129.46,129.94,128.23,128.67,5909163
2021/02/10,128.75,129.16,127.96,128.22,8397257
2021/02/11,128.54,129.33,128.21,128.33,6134069
2021/02/12,128,128.13,126.58,127.62,8401432
2021/02/16,127.97,128.17,126.99,127.92,7897167
2021/02/17,127.19,129.49,127.11,128.46,8835778
2021/02/18,127.81,129.85,127.59,129.53,6902855
2021/02/19,129.35,129.44,127.02,127.12,8211713
2021/02/22,126.79,127.24,126.38,126.58,6839842
2021/02/23,127.78,129.93,127.19,127.52,10134355
2021/02/24,127.35,128.24,126.91,127.66,7179088
2021/02/25,127.49,128.99,126.29,126.58,7762925
2021/02/26,126.54,126.93,121.82,123.53,17630140
2021/03/01,124.16,125.49,124,124.29,7687168
2021/03/02,123.87,124.86,123.43,123.9,10087997
2021/03/03,123.77,124.2,122.79,123.16,7518349
2021/03/04,123.1,124.77,121.54,122.15,9588281
2021/03/05,122.76,126.33,122.55,125.98,10370882
2021/03/08,125.76,128.9,125.32,127.31,9214338
2021/03/09,127.65,128.92,126.06,126.18,8742882
2021/03/10,126.15,128.42,125.47,127.34,8914263
2021/03/11,127.13,127.85,126.72,126.91,6896273
2021/03/12,127.65,128.82,127.65,128.14,6489787
2021/03/15,128.39,129.04,127.19,128.56,7122223
2021/03/16,128.51,129.98,128.51,128.94,6417039
2021/03/17,129.11,129.84,128.35,128.42,6178697
2021/03/18,128.21,129.04,127.04,128.7,6835108
2021/03/19,129.1,129.74,127.9,128.01,18539828
2021/03/22,128.01,130.89,128.01,130.18,7652400
2021/03/23,130.41,133.29,129.99,132.6,9490455
2021/03/24,130.94,133.14,130.62,132.56,8086777
2021/03/25,133.09,133.62,132.05,133.48,7513143
2021/03/26,133.22,135.61,132.48,135.45,10810921
2021/03/29,135,137.6,135,137.57,11098136
2021/03/30,136.61,137,135.14,135.45,8023724
2021/03/31,135.68,136.75,135.26,135.43,9191291
2021/04/01,135.05,135.48,133.33,134.28,8952416
2021/04/05,134.96,137.25,134.73,136.45,8167715
2021/04/06,136,137.02,135.64,136.5,6088649
2021/04/07,137.12,137.33,136.25,136.74,8153366
2021/04/08,136.9,137.63,136.59,137.26,6159672
2021/04/09,136.51,137.27,135.56,136.37,5852397
2021/04/12,136.5,137.04,135.71,136.92,6352069
2021/04/13,136.02,136.39,134.84,135.11,8697503
2021/04/14,135.52,135.79,134.58,135.6,7517577
2021/04/15,135.97,137.76,135.87,137.24,7942845
2021/04/16,137.61,137.9,136.88,137.25,7598554
2021/04/19,136.94,137.08,135.39,136.61,9073949
2021/04/20,134.84,138.59,133.53,137.75,10037815
2021/04/21,137.89,138.57,136.6,136.85,8448401
2021/04/22,135.37,135.79,134.06,134.63,7312508
2021/04/23,134.93,135.08,133.25,133.94,6704643
2021/04/26,133.49,133.76,131.17,131.26,9797797
2021/04/27,131.24,131.89,130.29,131.18,8149292
2021/04/28,131.71,131.85,130.88,131.4,6255659
2021/04/29,131.31,132.99,131.31,132.51,6779134
2021/04/30,132.75,133.67,132.26,133.42,9175014
2021/05/03,134.03,135.68,134.03,135,7939089
2021/05/04,134.98,135.83,134.21,134.54,9605586
2021/05/05,134.37,134.47,133.37,133.46,5667030
2021/05/06,134.01,135.37,133.92,135.14,9595833
2021/05/07,135.08,136.03,134.76,135.15,5861650
2021/05/10,135.89,138.42,135.69,137.67,8838389
2021/05/11,138.49,138.79,136.47,136.99,10963613
2021/05/12,136.49,137,135.49,135.54,8650596
2021/05/13,135.89,138.53,135.39,137.72,8743750
2021/05/14,137.67,139.1,137.67,138.01,5919636
2021/05/17,137.97,139.07,137.61,137.73,7673409
2021/05/18,136.46,137.83,136.15,136.32,8464073
2021/05/19,136.06,136.83,135.59,136.6,9739751
2021/05/20,136.79,138.71,136.72,138,8660647
2021/05/21,138.2,138.94,137.78,138,9985365
2021/05/24,138,138.8,137.73,137.96,6549559
2021/05/25,138.05,138.48,136.75,138.43,7835153
2021/05/26,138.79,138.86,137.87,138.12,8091428
2021/05/27,138.12,138.28,134.66,134.98,32711312
2021/05/28,135.15,136.13,134.64,134.85,10218121
2021/06/01,135.79,136,132.48,132.88,9639290
2021/06/02,133,133.63,132.52,133.46,8090766
2021/06/03,133.23,135.91,133.2,135.85,11210309
2021/06/04,135.7,136.62,135.4,135.95,6880028
2021/06/07,136.36,136.84,135.68,136.42,8379620
2021/06/08,136.68,136.75,134.75,134.84,6891796
2021/06/09,135.55,136.44,134.74,134.79,6193757
2021/06/10,135.02,136.35,134.62,135.79,6499044
2021/06/11,135.75,135.87,133.9,134.86,10563565
2021/06/14,134.98,135.03,133.96,134.91,6284491
2021/06/15,135.2,135.64,134.55,134.65,5463603
2021/06/16,135.18,135.58,132.65,132.78,8930309
2021/06/17,132.82,134.16,132.65,133.99,7817090
2021/06/18,133.34,133.35,131.94,132.03,12948116
2021/06/21,132.69,133.26,132.4,133.07,7221651
2021/06/22,133.04,134.02,132.88,133.12,6449326
2021/06/23,132.95,133.36,132.32,132.93,5771453
2021/06/24,132.95,133.31,132.7,133.02,6009473
2021/06/25,133.26,135.54,132.95,134.92,22385160
2021/06/28,134.9,136.16,134.76,135.32,6042099
2021/06/29,135.51,135.83,133.82,134.4,5775862
2021/06/30,134.58,135.29,134.29,134.93,5773794
2021/07/01,135.43,136.14,134.92,135.24,5887308
2021/07/02,135.6,136.64,135.42,135.9,5561642
2021/07/06,135.52,136.3,135.36,135.98,6263065
2021/07/07,136.03,137.59,136.03,137,5497378
2021/07/08,136.99,137.4,135.89,136.98,7563363
2021/07/09,137.24,137.65,136.84,137.03,5736879
2021/07/12,136.9,137.47,136.43,137.14,5932433
2021/07/13,136.39,137.57,136.39,136.97,5478366
2021/07/14,137.01,138.23,136.37,137.98,5550199
2021/07/15,138.01,139.26,137.7,139.16,7340226
2021/07/16,139.3,140.78,139.11,140.51,9228821
2021/07/19,140.32,141.87,138.81,140.44,9324680
2021/07/20,140.44,141.98,139.64,139.69,8112579
2021/07/21,139.95,140.2,138.99,139.2,6667122
2021/07/22,137.29,138.33,136.71,137.8,5786908
2021/07/23,137.48,139.98,137.08,139.79,7872004
2021/07/26,139.62,140.82,139.22,140.28,5811575
2021/07/27,140.15,141.62,140,140.85,7053269
2021/07/28,140.67,140.67,138.71,138.76,8493104
2021/07/29,139.76,140.18,138.73,139.48,5413136
2021/07/30,142,144.54,141.55,142.23,14363749
2021/08/02,141.77,142.43,140.8,141.88,6824340
2021/08/03,141.86,144.21,141.52,143.95,8454819
2021/08/04,143.04,144.09,142.35,142.43,6626463
2021/08/05,143.35,143.55,141.47,142.5,5189546
2021/08/06,143.03,143.12,141.22,141.41,6015825
2021/08/09,141.95,142.59,141.7,142.18,4742298
2021/08/10,141.91,142.51,141.66,142.27,5250201
2021/08/11,142.74,143.24,142.47,142.62,4203979
2021/08/12,143.15,143.15,142.35,142.95,4622914
2021/08/13,142.95,143.99,142.69,143.64,4883896
2021/08/16,143.67,144.69,143.38,144.64,5551674
2021/08/17,144.4,145.6,143.89,144.88,7414466
2021/08/18,144.7,144.88,143.18,143.3,6259621
2021/08/19,143.16,145.28,143.16,144.99,5753077
2021/08/20,145.25,145.98,144.78,145.09,5013601
2021/08/23,145.49,145.49,143.84,144.35,293895
2021/08/24,144.01,144.15,142.98,143.18,4547688
2021/08/25,143.07,143.13,142.25,142.67,3829577
2021/08/26,142.56,142.71,141.47,142.42,4734380
2021/08/27,142.42,142.73,141.66,142.33,360045
2021/08/30,142.6,142.99,142.05,142.93,3841790
2021/08/31,143.04,143.53,142.05,142.39,9178060
2021/09/01,142.33,144.19,142.23,143.84,5841473
2021/09/02,143.97,144.73,143.58,143.95,5194541
2021/09/03,143.76,144.37,143.52,144.05,5270524
2021/09/07,144.32,144.5,143.29,143.51,6415840
2021/09/08,143.08,144.94,143.01,144.6,6759463
2021/09/09,144.57,144.88,143.65,143.99,5807390
2021/09/10,144.06,144.46,143.32,144.13,5693823
2021/09/13,144.85,147.23,144.85,145.68,9665332
2021/09/14,146.13,146.36,144.95,145.43,5639786
2021/09/15,145.35,145.77,144.74,145.12,6223882
2021/09/16,144.84,145.19,142.82,144.11,5933518
2021/09/17,144.37,146.28,144.23,144.34,16622918
2021/09/20,144.22,144.85,141.97,142.89,9855977
2021/09/21,142.98,144.53,142.88,143.11,6525384
2021/09/22,143.82,144.35,142.86,143.6,5519828
2021/09/23,144.06,144.69,143.49,144.19,5151412
2021/09/24,143.8,144.45,143.09,143.55,4991858
2021/09/27,143.15,143.17,141.52,141.66,5520002
2021/09/28,141.65,141.69,139.56,140.64,425913
2021/09/29,140.27,142.68,140.18,142.02,5252989
2021/09/30,142.64,142.74,139.53,139.8,6924764
2021/10/01,139.93,140.23,138.32,139.58,5540610
2021/10/04,139.39,140.4,137.6,138.79,5734376
2021/10/05,138.8,140.52,138.72,139.33,6659224
2021/10/06,138.99,141.26,138.62,141.19,5311017
2021/10/07,141.75,143.03,141.75,142.32,5331635
2021/10/08,142.29,142.62,141.04,141.73,6131198
2021/10/11,142.37,142.77,141.77,142.32,4909050
2021/10/12,142.6,143.04,141.7,142.11,6344471
2021/10/13,142.4,142.76,141.03,142.44,5478696
2021/10/14,142.83,144.31,142.81,144.05,6576315
2021/10/15,144.52,144.87,143.68,144.42,6916901
2021/10/18,143.55,143.7,142.1,142.34,8928200
2021/10/19,142.04,142.19,138.9,140.66,573831
2021/10/20,140.15,141.96,139.85,141.21,7345011
2021/10/21,140.86,141.16,139.18,139.33,6516013
2021/10/22,139.39,141.01,139.32,140.83,5153182
2021/10/25,140.41,140.92,139.05,140.85,5363332
2021/10/26,141.62,143.18,141.24,142.85,6213242
2021/10/27,143.14,143.68,141.69,141.83,9640690
2021/10/28,141.89,142.88,141.71,142.68,4522675
2021/10/29,142.16,143.48,142.02,142.99,5796895
2021/11/01,143.36,143.8,142.49,142.64,4900238
2021/11/02,142.72,144.58,142.28,144.06,9926364
2021/11/03,144.24,145.1,143.54,145.07,488152
2021/11/04,142.84,145.39,142.34,145.32,6371941
2021/11/05,145.44,146.37,144.8,146.04,5666456
2021/11/08,145.5,146.1,144.02,144.95,5633442
2021/11/09,145.03,145.83,144.58,145.39,4627694
2021/11/10,145.74,147.31,145.59,146.82,7320745
2021/11/11,146.86,146.97,146.21,146.4,3658611
2021/11/12,146.74,147.08,145.98,146.56,5645319
2021/11/15,147.03,147.75,146.47,147.4,5270557
2021/11/16,147.39,148.59,147.01,147.19,7037735
2021/11/17,146.97,147.78,146.42,147.1,4585668
2021/11/18,147.04,148.08,146.51,147.12,5500216
2021/11/19,147.95,148.23,146.79,146.82,5271322
2021/11/22,146.97,148.94,146.83,147.8,6067182
2021/11/23,147.83,149.5,147.67,149.44,7858623
2021/11/24,148.77,148.88,147.68,148.66,5662012
2021/11/26,148.58,149.72,147.31,147.47,6299571
2021/11/29,147.79,149.66,146.79,149.02,6984771
2021/11/30,147.81,148.54,144.12,144.58,11378270
2021/12/01,144.85,147.87,144.85,146.4,8222324
2021/12/02,147.01,148.46,146.94,147.26,9217857
2021/12/03,148.02,150,147.66,149.88,10886165
2021/12/06,150.19,152.39,150.19,152.15,11661741
2021/12/07,151.95,152.58,151.27,151.75,7263523
2021/12/08,151.67,152.66,150.28,152.43,8181619
2021/12/09,152.31,154.19,151.6,153.32,7979532
2021/12/10,153.85,155.8,153.43,155.46,6875595
2021/12/13,155.3,158.33,154.91,157.67,8928520
2021/12/14,157.9,158.63,156.66,158.25,8338276
2021/12/15,157.64,159.64,157.64,158.86,8891216
2021/12/16,158.73,161.32,158.42,161.11,10520594
2021/12/17,160.66,161.72,157.31,157.46,23558492
2021/12/20,156.6,158.46,156.57,157.86,8938177
2021/12/21,157.65,158.15,156.79,157.76,6667921
2021/12/22,157.77,159.58,157.27,159.32,6501242
2021/12/23,159.5,160.92,159.44,160.1,5598961
2021/12/27,160.67,161.99,160.61,161.97,4535804
2021/12/28,161.96,163.38,161.94,162.84,5339595
2021/12/29,163.21,164.98,163.08,164.19,5236267
2021/12/30,164.4,164.59,162.61,162.77,5909498
2021/12/31,162.86,163.73,162.46,163.58,5311503
2022/01/03,161.69,162.94,159.88,162.9,9171473
2022/01/04,162.29,164.39,162.18,163.47,9242884
2022/01/05,163.44,165.32,163.4,164.21,9320409
2022/01/06,164.34,165.2,162.61,162.83,7546231
2022/01/07,163.13,163.53,161.95,162.74,6055511
2022/01/10,162.51,163.12,160.17,160.52,7927397
2022/01/11,160.22,160.22,156.91,158.66,11085914
2022/01/12,158.26,159.36,157.83,159.01,7100263
2022/01/13,159.31,159.45,157.78,158.29,6534355
2022/01/14,158.07,160.49,157.56,159.81,9675875
2022/01/18,158.53,158.53,156.04,156.73,10934299
2022/01/19,157.61,164.19,156.97,162,13959805
2022/01/20,160.12,164.33,160.12,162,10762014
2022/01/21,163,165.35,162.1,162.62,10897020
2022/01/24,163.43,164.12,158.72,161.3,14537498
2022/01/25,160.45,161.3,157.89,159.54,9348640
2022/01/26,157.34,159.57,156.38,158.15,10626754
2022/01/27,158.73,161.35,158.58,159.13,8459579
2022/01/28,158.61,160.95,157.32,160.5,9369497
2022/01/31,159.35,160.65,158.87,160.45,8677051
2022/02/01,160.79,161.3,157.73,159.74,6177942
2022/02/02,160.14,162.84,159.47,162.6,7354070
2022/02/03,161.98,164.98,161.62,164.14,10076233
2022/02/04,163.13,164.49,161.41,161.53,7499200
2022/02/07,161.87,162.26,159.67,160.32,6373798
2022/02/08,161.12,161.27,159.65,159.96,4778838
2022/02/09,160.36,160.64,159.27,159.6,5878196
2022/02/10,159.09,159.5,156.65,157.17,6618029
2022/02/11,158.01,158.58,155.58,156.29,9248283
2022/02/14,156.14,157.06,153.36,156.74,9403869
2022/02/15,157.77,159.32,156.11,156.82,6351100
2022/02/16,156.83,158.78,156.27,158.01,8026789
2022/02/17,158.38,160.38,157.35,159.82,7641909
2022/02/18,159.5,161.06,158.82,159.9,8000203
2022/02/22,160.11,160.88,156.66,157.93,7891928
2022/02/23,158.3,158.6,155.6,155.96,6134276
2022/02/24,155.64,155.98,150.56,151.76,12954898
2022/02/25,152.33,158.94,152.25,158.24,8888797
2022/02/28,156.29,157.19,153.82,155.89,8011329
2022/03/01,154.31,155.4,152.34,153.31,8110829
2022/03/02,152.96,155.08,152.6,153.79,5718057
2022/03/03,153.77,155.86,153.77,154.36,7199873
2022/03/04,153.12,155.35,152.55,155.14,8549715
2022/03/07,154.49,154.52,151.14,152.84,8208415
2022/03/08,152.18,152.95,146.58,146.79,9428124
2022/03/09,148.83,150.47,147.81,148.77,7041025
2022/03/10,147.8,148.28,143.94,144.94,9162969
2022/03/11,145.4,146.16,143.03,143.22,7034388
2022/03/14,144.45,146.04,143.35,145.05,7725861
2022/03/15,147.01,150.54,146.89,150.27,9611920
2022/03/16,150.63,151.79,148.04,149.76,6888625
2022/03/17,149.99,150.47,148.5,150.23,5780820
2022/03/18,150.87,150.87,148.24,150.15,15293589
2022/03/21,150.44,151.42,149.24,150.72,6932117
2022/03/22,153.43,153.6,150.52,151.88,7192054
2022/03/23,152.2,153.01,150.69,150.82,5242644
2022/03/24,150.89,151.56,150.16,151.08,4183889
2022/03/25,151.63,153.92,151.51,152.83,5024358
2022/03/28,153.64,153.9,152.63,153.88,4199483
2022/03/29,155.37,156.47,154.02,155.46,5501368
2022/03/30,152.5,154.43,151.94,154.39,5759897
2022/03/31,154.1,154.34,152.4,152.8,7517840
2022/04/01,153.52,155.46,152.06,155.09,5698786
2022/04/04,153.81,154.35,151.26,154.08,5983115
2022/04/05,153.61,157.37,153.54,154.62,7637867
2022/04/06,154.42,157.29,153.94,156.83,8843186
2022/04/07,157.87,159.39,156.97,158.86,6832930
2022/04/08,159.5,160.52,158.96,159.79,311717
2022/04/11,159.95,161.21,158.63,159.49,5802344
2022/04/12,159.31,160.63,158.7,159.01,5368179
2022/04/13,159.08,160.41,158.71,159.46,4126953
2022/04/14,159.98,160.3,158.45,158.57,7772351
2022/04/18,158.48,158.98,156.53,157.06,6002757
2022/04/19,156.77,160.03,156.3,159.41,7870764
2022/04/20,160.5,164.48,160,163.65,10000241
2022/04/21,163.82,164.9,162.43,162.61,9336564
2022/04/22,163.24,163.52,160.91,161.25,9334371
2022/04/25,161.7,163.29,159.8,162.55,6955036
2022/04/26,162.68,163.64,159.75,159.79,7746603
2022/04/27,160.21,161.45,159.11,159.36,6246766
2022/04/28,160.54,163.71,159.27,163.41,9215677
2022/04/29,162.47,162.95,160.2,160.55,10331518
2022/05/02,161.6,162,156.19,158.38,10166883
2022/05/03,158.22,158.99,155.01,156.21,10054619
2022/05/04,155.83,157.55,155.15,157.36,7750538
2022/05/05,156.3,157.29,153.14,154.46,8179976
2022/05/06,154.77,156.24,153.87,156,6158619
